FILENAME,RPDlep,trendRPDlep,RPDlea,trendRPDlea,RPDlepr,trendRPDlepr,RDPgep,trendRDPgep,RDPgea,trendRDPgea,RDPgepr,trendRDPgepr,
02_csv_header/d1_00001_logistic_degrade_1_rndvalue.1_npoints.5_nbinomial.20_cangle.0.01.csv,1.0,1.0,1.0,1.0,1.0,1.0,1.0,1.0,1.0,1.0,1.0,1.0,
02_csv_header/d2_00011_logistic_degrade_2_rndvalue.1_npoints.10_nbinomial.20_cangle.1.01.csv,-0.09,-0.1,0.47,0.44,-0.5,-0.53,-0.1,-0.11,-0.0,-0.03,-0.08,-0.08,
02_csv_header/d1_00039_logistic_degrade_1_rndvalue.501_npoints.20_nbinomial.20_cangle.0.51.csv,0.66,0.82,0.76,0.89,-0.19,0.23,0.98,0.99,0.94,0.97,0.9,0.94,
02_csv_header/d1_00062_logistic_degrade_1_flip_rndvalue.1001_npoints.20_nbinomial.20_cangle.0.01.csv,-0.98,-1.0,-0.98,-1.0,-0.95,-1.0,-1.0,-1.0,-1.0,-1.0,-1.0,-1.0,
02_csv_header/d2_00045_logistic_degrade_2_rndvalue.501_npoints.500_nbinomial.20_cangle.0.51.csv,0.0,-0.13,0.04,0.48,-0.04,-0.61,-0.13,-0.14,-0.06,-0.07,-0.08,-0.06,
02_csv_header/d2_00048_logistic_degrade_2_flip_rndvalue.501_npoints.500_nbinomial.20_cangle.1.01.csv,-0.0,0.13,0.04,0.61,-0.04,-0.48,0.13,0.14,0.08,0.06,0.06,0.07,
02_csv_header/d2_00032_logistic_degrade_2_flip_rndvalue.501_npoints.10_nbinomial.20_cangle.0.01.csv,0.0,0.1,0.34,0.53,-0.43,-0.44,0.19,0.11,0.18,0.08,0.05,0.03,
02_csv_header/d2_00067_logistic_degrade_2_rndvalue.1001_npoints.500_nbinomial.20_cangle.0.01.csv,-0.0,-0.13,0.06,0.48,-0.07,-0.61,-0.1,-0.14,-0.04,-0.07,-0.07,-0.06,
02_csv_header/d1_00012_logistic_degrade_1_flip_rndvalue.1_npoints.10_nbinomial.20_cangle.1.01.csv,-0.37,-0.49,-0.23,-0.3,-0.52,-0.66,-0.2,-0.28,0.09,-0.04,-0.28,-0.27,
02_csv_header/d1_00048_logistic_degrade_1_flip_rndvalue.501_npoints.500_nbinomial.20_cangle.1.01.csv,0.01,-0.44,-0.03,-0.3,0.02,-0.69,0.04,-0.04,0.24,0.11,-0.13,-0.07,
02_csv_header/d1_00017_logistic_degrade_1_rndvalue.1_npoints.20_nbinomial.20_cangle.1.01.csv,0.43,0.43,0.45,0.67,0.39,0.26,0.05,0.16,0.25,0.16,-0.26,-0.04,
02_csv_header/d2_00059_logistic_degrade_2_rndvalue.1001_npoints.10_nbinomial.20_cangle.1.01.csv,-0.11,-0.1,0.46,0.44,-0.53,-0.53,-0.18,-0.11,-0.06,-0.03,-0.15,-0.08,
02_csv_header/d0_00003_logistic_degrade_0_rndvalue.1_npoints.10_nbinomial.20.csv,1.0,1.0,1.0,1.0,1.0,1.0,1.0,1.0,1.0,1.0,1.0,1.0,
02_csv_header/d1_00060_logistic_degrade_1_flip_rndvalue.1001_npoints.10_nbinomial.20_cangle.1.01.csv,-0.4,-0.49,-0.26,-0.3,-0.56,-0.66,-0.29,-0.28,0.04,-0.04,-0.35,-0.27,
02_csv_header/d2_00046_logistic_degrade_2_flip_rndvalue.501_npoints.500_nbinomial.20_cangle.0.51.csv,-0.0,0.13,0.04,0.61,-0.04,-0.48,0.13,0.14,0.08,0.06,0.06,0.07,
02_csv_header/d1_00045_logistic_degrade_1_rndvalue.501_npoints.500_nbinomial.20_cangle.0.51.csv,0.06,0.81,0.03,0.89,0.13,0.18,0.99,0.99,0.97,0.98,0.95,0.95,
02_csv_header/d2_00052_logistic_degrade_2_flip_rndvalue.1001_npoints.5_nbinomial.20_cangle.0.51.csv,0.0,-0.01,0.42,0.4,-0.46,-0.44,0.21,0.05,0.27,0.08,-0.03,-0.06,
02_csv_header/d2_00016_logistic_degrade_2_flip_rndvalue.1_npoints.20_nbinomial.20_cangle.0.51.csv,-0.02,0.15,0.37,0.6,-0.44,-0.44,0.16,0.11,0.09,0.07,0.08,0.04,
02_csv_header/d2_00029_logistic_degrade_2_rndvalue.501_npoints.5_nbinomial.20_cangle.1.01.csv,0.03,0.01,0.45,0.44,-0.38,-0.4,-0.02,-0.05,0.07,0.06,-0.04,-0.08,
02_csv_header/d1_00034_logistic_degrade_1_flip_rndvalue.501_npoints.10_nbinomial.20_cangle.0.51.csv,-0.62,-0.81,0.09,-0.23,-0.69,-0.87,-0.96,-0.98,-0.81,-0.91,-0.88,-0.95,
02_csv_header/d2_00039_logistic_degrade_2_rndvalue.501_npoints.20_nbinomial.20_cangle.0.51.csv,0.0,-0.15,0.34,0.44,-0.35,-0.6,-0.09,-0.11,-0.01,-0.04,-0.06,-0.07,
02_csv_header/d1_00051_logistic_degrade_1_rndvalue.1001_npoints.5_nbinomial.20_cangle.0.51.csv,0.6,0.79,0.65,0.84,0.07,0.24,0.97,0.98,0.94,0.96,0.78,0.86,
02_csv_header/d1_00035_logistic_degrade_1_rndvalue.501_npoints.10_nbinomial.20_cangle.1.01.csv,0.41,0.49,0.44,0.66,0.36,0.3,-0.05,0.28,0.17,0.27,-0.31,0.04,
02_csv_header/d1_00032_logistic_degrade_1_flip_rndvalue.501_npoints.10_nbinomial.20_cangle.0.01.csv,-0.98,-1.0,-0.98,-1.0,-0.97,-1.0,-1.0,-1.0,-1.0,-1.0,-1.0,-1.0,
02_csv_header/d1_00024_logistic_degrade_1_flip_rndvalue.1_npoints.500_nbinomial.20_cangle.1.01.csv,0.0,-0.44,0.02,-0.3,-0.02,-0.69,0.06,-0.04,0.28,0.11,-0.12,-0.07,
02_csv_header/d2_00051_logistic_degrade_2_rndvalue.1001_npoints.5_nbinomial.20_cangle.0.51.csv,0.0,0.01,0.46,0.44,-0.42,-0.4,-0.21,-0.05,0.03,0.06,-0.27,-0.08,
02_csv_header/d2_00014_logistic_degrade_2_flip_rndvalue.1_npoints.20_nbinomial.20_cangle.0.01.csv,-0.02,0.15,0.37,0.6,-0.44,-0.44,0.16,0.11,0.09,0.07,0.08,0.04,
02_csv_header/d0_00001_logistic_degrade_0_rndvalue.1_npoints.5_nbinomial.20.csv,1.0,1.0,1.0,1.0,1.0,1.0,1.0,1.0,1.0,1.0,1.0,1.0,
02_csv_header/d2_00003_logistic_degrade_2_rndvalue.1_npoints.5_nbinomial.20_cangle.0.51.csv,0.0,0.01,0.43,0.44,-0.44,-0.4,0.13,-0.05,0.21,0.06,-0.09,-0.08,
02_csv_header/d2_00043_logistic_degrade_2_rndvalue.501_npoints.500_nbinomial.20_cangle.0.01.csv,0.0,-0.13,0.04,0.48,-0.04,-0.61,-0.13,-0.14,-0.06,-0.07,-0.08,-0.06,
02_csv_header/d1_00064_logistic_degrade_1_flip_rndvalue.1001_npoints.20_nbinomial.20_cangle.0.51.csv,-0.75,-0.82,-0.1,-0.23,-0.78,-0.89,-0.99,-0.99,-0.93,-0.94,-0.95,-0.97,
02_csv_header/d1_00031_logistic_degrade_1_rndvalue.501_npoints.10_nbinomial.20_cangle.0.01.csv,0.98,1.0,0.97,1.0,0.98,1.0,1.0,1.0,1.0,1.0,1.0,1.0,
02_csv_header/d1_00059_logistic_degrade_1_rndvalue.1001_npoints.10_nbinomial.20_cangle.1.01.csv,0.4,0.49,0.56,0.66,0.26,0.3,0.29,0.28,0.35,0.27,-0.04,0.04,
02_csv_header/d0_00007_logistic_degrade_0_rndvalue.1_npoints.500_nbinomial.20.csv,0.13,1.0,0.12,1.0,0.13,1.0,1.0,1.0,1.0,1.0,1.0,1.0,
02_csv_header/d1_00056_logistic_degrade_1_flip_rndvalue.1001_npoints.10_nbinomial.20_cangle.0.01.csv,-1.0,-1.0,-1.0,-1.0,-1.0,-1.0,-1.0,-1.0,-1.0,-1.0,-1.0,-1.0,
02_csv_header/d1_00072_logistic_degrade_1_flip_rndvalue.1001_npoints.500_nbinomial.20_cangle.1.01.csv,-0.06,-0.44,-0.07,-0.3,-0.06,-0.69,0.04,-0.04,0.25,0.11,-0.14,-0.07,
02_csv_header/d1_00018_logistic_degrade_1_flip_rndvalue.1_npoints.20_nbinomial.20_cangle.1.01.csv,-0.43,-0.43,-0.39,-0.26,-0.45,-0.67,-0.05,-0.16,0.26,0.04,-0.25,-0.16,
02_csv_header/d2_00002_logistic_degrade_2_flip_rndvalue.1_npoints.5_nbinomial.20_cangle.0.01.csv,0.0,-0.01,0.44,0.4,-0.43,-0.44,-0.13,0.05,0.09,0.08,-0.21,-0.06,
02_csv_header/d0_00016_logistic_degrade_0_flip_rndvalue.501_npoints.500_nbinomial.20.csv,0.07,1.0,0.07,1.0,0.08,1.0,1.0,1.0,1.0,1.0,1.0,1.0,
02_csv_header/d2_00058_logistic_degrade_2_flip_rndvalue.1001_npoints.10_nbinomial.20_cangle.0.51.csv,0.11,0.1,0.53,0.53,-0.46,-0.44,0.18,0.11,0.15,0.08,0.06,0.03,
02_csv_header/d1_00026_logistic_degrade_1_flip_rndvalue.501_npoints.5_nbinomial.20_cangle.0.01.csv,-1.0,-1.0,-1.0,-1.0,-1.0,-1.0,-1.0,-1.0,-1.0,-1.0,-1.0,-1.0,
02_csv_header/d1_00041_logistic_degrade_1_rndvalue.501_npoints.20_nbinomial.20_cangle.1.01.csv,0.21,0.43,0.26,0.67,0.25,0.26,0.06,0.16,0.19,0.16,-0.17,-0.04,
02_csv_header/d0_00014_logistic_degrade_0_flip_rndvalue.501_npoints.20_nbinomial.20.csv,0.89,1.0,0.92,1.0,0.84,1.0,1.0,1.0,1.0,1.0,1.0,1.0,
02_csv_header/d2_00055_logistic_degrade_2_rndvalue.1001_npoints.10_nbinomial.20_cangle.0.01.csv,-0.11,-0.1,0.46,0.44,-0.53,-0.53,-0.18,-0.11,-0.06,-0.03,-0.15,-0.08,
02_csv_header/d2_00057_logistic_degrade_2_rndvalue.1001_npoints.10_nbinomial.20_cangle.0.51.csv,-0.11,-0.1,0.46,0.44,-0.53,-0.53,-0.18,-0.11,-0.06,-0.03,-0.15,-0.08,
02_csv_header/d2_00050_logistic_degrade_2_flip_rndvalue.1001_npoints.5_nbinomial.20_cangle.0.01.csv,0.0,-0.01,0.42,0.4,-0.46,-0.44,0.21,0.05,0.27,0.08,-0.03,-0.06,
02_csv_header/d2_00005_logistic_degrade_2_rndvalue.1_npoints.5_nbinomial.20_cangle.1.01.csv,0.0,0.01,0.43,0.44,-0.44,-0.4,0.13,-0.05,0.21,0.06,-0.09,-0.08,
02_csv_header/d0_00013_logistic_degrade_0_rndvalue.501_npoints.20_nbinomial.20.csv,0.89,1.0,0.92,1.0,0.84,1.0,1.0,1.0,1.0,1.0,1.0,1.0,
02_csv_header/d2_00033_logistic_degrade_2_rndvalue.501_npoints.10_nbinomial.20_cangle.0.51.csv,0.0,-0.1,0.43,0.44,-0.34,-0.53,-0.19,-0.11,-0.05,-0.03,-0.18,-0.08,
02_csv_header/d1_00055_logistic_degrade_1_rndvalue.1001_npoints.10_nbinomial.20_cangle.0.01.csv,1.0,1.0,1.0,1.0,1.0,1.0,1.0,1.0,1.0,1.0,1.0,1.0,
02_csv_header/d2_00065_logistic_degrade_2_rndvalue.1001_npoints.20_nbinomial.20_cangle.1.01.csv,-0.33,-0.15,0.28,0.44,-0.66,-0.6,-0.24,-0.11,-0.13,-0.04,-0.16,-0.07,
02_csv_header/d1_00003_logistic_degrade_1_rndvalue.1_npoints.5_nbinomial.20_cangle.0.51.csv,0.74,0.79,0.77,0.84,0.33,0.24,0.99,0.98,0.97,0.96,0.88,0.86,
02_csv_header/d1_00028_logistic_degrade_1_flip_rndvalue.501_npoints.5_nbinomial.20_cangle.0.51.csv,-0.64,-0.79,0.05,-0.24,-0.72,-0.84,-0.91,-0.98,-0.68,-0.86,-0.81,-0.96,
02_csv_header/d2_00008_logistic_degrade_2_flip_rndvalue.1_npoints.10_nbinomial.20_cangle.0.01.csv,0.09,0.1,0.5,0.53,-0.47,-0.44,0.1,0.11,0.08,0.08,0.0,0.03,
02_csv_header/d1_00036_logistic_degrade_1_flip_rndvalue.501_npoints.10_nbinomial.20_cangle.1.01.csv,-0.41,-0.49,-0.36,-0.3,-0.44,-0.66,0.05,-0.28,0.31,-0.04,-0.17,-0.27,
02_csv_header/d1_00021_logistic_degrade_1_rndvalue.1_npoints.500_nbinomial.20_cangle.0.51.csv,0.02,0.81,0.05,0.89,-0.02,0.18,0.99,0.99,0.97,0.98,0.95,0.95,
02_csv_header/d2_00038_logistic_degrade_2_flip_rndvalue.501_npoints.20_nbinomial.20_cangle.0.01.csv,0.0,0.15,0.35,0.6,-0.34,-0.44,0.09,0.11,0.06,0.07,0.01,0.04,
02_csv_header/d2_00027_logistic_degrade_2_rndvalue.501_npoints.5_nbinomial.20_cangle.0.51.csv,0.03,0.01,0.45,0.44,-0.38,-0.4,-0.02,-0.05,0.07,0.06,-0.04,-0.08,
02_csv_header/d1_00037_logistic_degrade_1_rndvalue.501_npoints.20_nbinomial.20_cangle.0.01.csv,1.0,1.0,1.0,1.0,1.0,1.0,1.0,1.0,1.0,1.0,1.0,1.0,
02_csv_header/d2_00017_logistic_degrade_2_rndvalue.1_npoints.20_nbinomial.20_cangle.1.01.csv,0.02,-0.15,0.44,0.44,-0.37,-0.6,-0.16,-0.11,-0.08,-0.04,-0.09,-0.07,
02_csv_header/d2_00068_logistic_degrade_2_flip_rndvalue.1001_npoints.500_nbinomial.20_cangle.0.01.csv,0.0,0.13,0.07,0.61,-0.06,-0.48,0.1,0.14,0.07,0.06,0.04,0.07,
02_csv_header/d2_00071_logistic_degrade_2_rndvalue.1001_npoints.500_nbinomial.20_cangle.1.01.csv,-0.0,-0.13,0.06,0.48,-0.07,-0.61,-0.1,-0.14,-0.04,-0.07,-0.07,-0.06,
02_csv_header/d1_00025_logistic_degrade_1_rndvalue.501_npoints.5_nbinomial.20_cangle.0.01.csv,1.0,1.0,1.0,1.0,1.0,1.0,1.0,1.0,1.0,1.0,1.0,1.0,
02_csv_header/d2_00007_logistic_degrade_2_rndvalue.1_npoints.10_nbinomial.20_cangle.0.01.csv,-0.09,-0.1,0.47,0.44,-0.5,-0.53,-0.1,-0.11,-0.0,-0.03,-0.08,-0.08,
02_csv_header/d0_00004_logistic_degrade_0_flip_rndvalue.1_npoints.10_nbinomial.20.csv,1.0,1.0,1.0,1.0,1.0,1.0,1.0,1.0,1.0,1.0,1.0,1.0,
02_csv_header/d1_00066_logistic_degrade_1_flip_rndvalue.1001_npoints.20_nbinomial.20_cangle.1.01.csv,-0.34,-0.43,-0.42,-0.26,-0.43,-0.67,-0.03,-0.16,0.21,0.04,-0.17,-0.16,
02_csv_header/d2_00063_logistic_degrade_2_rndvalue.1001_npoints.20_nbinomial.20_cangle.0.51.csv,-0.33,-0.15,0.28,0.44,-0.66,-0.6,-0.24,-0.11,-0.13,-0.04,-0.16,-0.07,
02_csv_header/d1_00030_logistic_degrade_1_flip_rndvalue.501_npoints.5_nbinomial.20_cangle.1.01.csv,-0.6,-0.66,-0.35,-0.44,-0.58,-0.63,-0.51,-0.68,-0.11,-0.37,-0.47,-0.56,
02_csv_header/d1_00067_logistic_degrade_1_rndvalue.1001_npoints.500_nbinomial.20_cangle.0.01.csv,0.09,1.0,0.07,1.0,0.13,1.0,1.0,1.0,1.0,1.0,0.99,1.0,
02_csv_header/d1_00029_logistic_degrade_1_rndvalue.501_npoints.5_nbinomial.20_cangle.1.01.csv,0.6,0.66,0.58,0.63,0.35,0.44,0.51,0.68,0.47,0.56,0.11,0.37,
02_csv_header/d1_00004_logistic_degrade_1_flip_rndvalue.1_npoints.5_nbinomial.20_cangle.0.51.csv,-0.74,-0.79,-0.33,-0.24,-0.77,-0.84,-0.99,-0.98,-0.88,-0.86,-0.97,-0.96,
02_csv_header/d2_00031_logistic_degrade_2_rndvalue.501_npoints.10_nbinomial.20_cangle.0.01.csv,0.0,-0.1,0.43,0.44,-0.34,-0.53,-0.19,-0.11,-0.05,-0.03,-0.18,-0.08,
02_csv_header/d2_00040_logistic_degrade_2_flip_rndvalue.501_npoints.20_nbinomial.20_cangle.0.51.csv,0.0,0.15,0.35,0.6,-0.34,-0.44,0.09,0.11,0.06,0.07,0.01,0.04,
02_csv_header/d2_00013_logistic_degrade_2_rndvalue.1_npoints.20_nbinomial.20_cangle.0.01.csv,0.02,-0.15,0.44,0.44,-0.37,-0.6,-0.16,-0.11,-0.08,-0.04,-0.09,-0.07,
02_csv_header/d1_00044_logistic_degrade_1_flip_rndvalue.501_npoints.500_nbinomial.20_cangle.0.01.csv,-0.06,-1.0,-0.12,-1.0,-0.04,-1.0,-1.0,-1.0,-0.99,-1.0,-1.0,-1.0,
02_csv_header/d0_00009_logistic_degrade_0_rndvalue.501_npoints.5_nbinomial.20.csv,1.0,1.0,1.0,1.0,1.0,1.0,1.0,1.0,1.0,1.0,1.0,1.0,
02_csv_header/d1_00002_logistic_degrade_1_flip_rndvalue.1_npoints.5_nbinomial.20_cangle.0.01.csv,-1.0,-1.0,-1.0,-1.0,-1.0,-1.0,-1.0,-1.0,-1.0,-1.0,-1.0,-1.0,
02_csv_header/d2_00020_logistic_degrade_2_flip_rndvalue.1_npoints.500_nbinomial.20_cangle.0.01.csv,-0.02,0.13,-0.01,0.61,-0.03,-0.48,0.15,0.14,0.09,0.06,0.08,0.07,
02_csv_header/d1_00005_logistic_degrade_1_rndvalue.1_npoints.5_nbinomial.20_cangle.1.01.csv,0.66,0.66,0.63,0.63,0.44,0.44,0.65,0.68,0.58,0.56,0.31,0.37,
02_csv_header/d0_00005_logistic_degrade_0_rndvalue.1_npoints.20_nbinomial.20.csv,0.94,1.0,0.94,1.0,0.92,1.0,1.0,1.0,1.0,1.0,1.0,1.0,
02_csv_header/d1_00068_logistic_degrade_1_flip_rndvalue.1001_npoints.500_nbinomial.20_cangle.0.01.csv,-0.09,-1.0,-0.13,-1.0,-0.07,-1.0,-1.0,-1.0,-0.99,-1.0,-1.0,-1.0,
02_csv_header/d2_00037_logistic_degrade_2_rndvalue.501_npoints.20_nbinomial.20_cangle.0.01.csv,0.0,-0.15,0.34,0.44,-0.35,-0.6,-0.09,-0.11,-0.01,-0.04,-0.06,-0.07,
02_csv_header/d0_00006_logistic_degrade_0_flip_rndvalue.1_npoints.20_nbinomial.20.csv,0.94,1.0,0.94,1.0,0.92,1.0,1.0,1.0,1.0,1.0,1.0,1.0,
02_csv_header/d1_00043_logistic_degrade_1_rndvalue.501_npoints.500_nbinomial.20_cangle.0.01.csv,0.06,1.0,0.04,1.0,0.12,1.0,1.0,1.0,1.0,1.0,0.99,1.0,
02_csv_header/d1_00020_logistic_degrade_1_flip_rndvalue.1_npoints.500_nbinomial.20_cangle.0.01.csv,-0.04,-1.0,-0.06,-1.0,-0.05,-1.0,-1.0,-1.0,-0.99,-1.0,-1.0,-1.0,
02_csv_header/d2_00070_logistic_degrade_2_flip_rndvalue.1001_npoints.500_nbinomial.20_cangle.0.51.csv,0.0,0.13,0.07,0.61,-0.06,-0.48,0.1,0.14,0.07,0.06,0.04,0.07,
02_csv_header/d1_00009_logistic_degrade_1_rndvalue.1_npoints.10_nbinomial.20_cangle.0.51.csv,0.74,0.81,0.79,0.87,0.13,0.23,0.98,0.98,0.94,0.95,0.9,0.91,
02_csv_header/d2_00044_logistic_degrade_2_flip_rndvalue.501_npoints.500_nbinomial.20_cangle.0.01.csv,-0.0,0.13,0.04,0.61,-0.04,-0.48,0.13,0.14,0.08,0.06,0.06,0.07,
02_csv_header/d1_00053_logistic_degrade_1_rndvalue.1001_npoints.5_nbinomial.20_cangle.1.01.csv,0.64,0.66,0.61,0.63,0.4,0.44,0.6,0.68,0.54,0.56,0.24,0.37,
02_csv_header/d1_00023_logistic_degrade_1_rndvalue.1_npoints.500_nbinomial.20_cangle.1.01.csv,-0.0,0.44,0.02,0.69,-0.02,0.3,-0.06,0.04,0.12,0.07,-0.28,-0.11,
02_csv_header/d1_00050_logistic_degrade_1_flip_rndvalue.1001_npoints.5_nbinomial.20_cangle.0.01.csv,-1.0,-1.0,-1.0,-1.0,-1.0,-1.0,-1.0,-1.0,-1.0,-1.0,-1.0,-1.0,
02_csv_header/d0_00021_logistic_degrade_0_rndvalue.1001_npoints.20_nbinomial.20.csv,0.88,1.0,0.88,1.0,0.86,1.0,1.0,1.0,1.0,1.0,1.0,1.0,
02_csv_header/d1_00047_logistic_degrade_1_rndvalue.501_npoints.500_nbinomial.20_cangle.1.01.csv,-0.01,0.44,-0.02,0.69,0.03,0.3,-0.04,0.04,0.13,0.07,-0.24,-0.11,
02_csv_header/d1_00040_logistic_degrade_1_flip_rndvalue.501_npoints.20_nbinomial.20_cangle.0.51.csv,-0.66,-0.82,0.19,-0.23,-0.76,-0.89,-0.98,-0.99,-0.9,-0.94,-0.94,-0.97,
02_csv_header/d2_00015_logistic_degrade_2_rndvalue.1_npoints.20_nbinomial.20_cangle.0.51.csv,0.02,-0.15,0.44,0.44,-0.37,-0.6,-0.16,-0.11,-0.08,-0.04,-0.09,-0.07,
02_csv_header/d1_00054_logistic_degrade_1_flip_rndvalue.1001_npoints.5_nbinomial.20_cangle.1.01.csv,-0.64,-0.66,-0.4,-0.44,-0.61,-0.63,-0.6,-0.68,-0.24,-0.37,-0.54,-0.56,
02_csv_header/d1_00014_logistic_degrade_1_flip_rndvalue.1_npoints.20_nbinomial.20_cangle.0.01.csv,-0.96,-1.0,-0.97,-1.0,-0.93,-1.0,-1.0,-1.0,-1.0,-1.0,-1.0,-1.0,
02_csv_header/d1_00058_logistic_degrade_1_flip_rndvalue.1001_npoints.10_nbinomial.20_cangle.0.51.csv,-0.69,-0.81,-0.12,-0.23,-0.73,-0.87,-0.98,-0.98,-0.88,-0.91,-0.95,-0.95,
02_csv_header/d2_00042_logistic_degrade_2_flip_rndvalue.501_npoints.20_nbinomial.20_cangle.1.01.csv,0.0,0.15,0.35,0.6,-0.34,-0.44,0.09,0.11,0.06,0.07,0.01,0.04,
02_csv_header/d2_00001_logistic_degrade_2_rndvalue.1_npoints.5_nbinomial.20_cangle.0.01.csv,0.0,0.01,0.43,0.44,-0.44,-0.4,0.13,-0.05,0.21,0.06,-0.09,-0.08,
02_csv_header/d1_00015_logistic_degrade_1_rndvalue.1_npoints.20_nbinomial.20_cangle.0.51.csv,0.42,0.82,0.56,0.89,-0.08,0.23,0.98,0.99,0.94,0.97,0.91,0.94,
02_csv_header/d0_00002_logistic_degrade_0_flip_rndvalue.1_npoints.5_nbinomial.20.csv,1.0,1.0,1.0,1.0,1.0,1.0,1.0,1.0,1.0,1.0,1.0,1.0,
02_csv_header/d2_00009_logistic_degrade_2_rndvalue.1_npoints.10_nbinomial.20_cangle.0.51.csv,-0.09,-0.1,0.47,0.44,-0.5,-0.53,-0.1,-0.11,-0.0,-0.03,-0.08,-0.08,
02_csv_header/d2_00049_logistic_degrade_2_rndvalue.1001_npoints.5_nbinomial.20_cangle.0.01.csv,0.0,0.01,0.46,0.44,-0.42,-0.4,-0.21,-0.05,0.03,0.06,-0.27,-0.08,
02_csv_header/d0_00020_logistic_degrade_0_flip_rndvalue.1001_npoints.10_nbinomial.20.csv,1.0,1.0,1.0,1.0,1.0,1.0,1.0,1.0,1.0,1.0,1.0,1.0,
02_csv_header/d0_00022_logistic_degrade_0_flip_rndvalue.1001_npoints.20_nbinomial.20.csv,0.88,1.0,0.88,1.0,0.86,1.0,1.0,1.0,1.0,1.0,1.0,1.0,
02_csv_header/d1_00042_logistic_degrade_1_flip_rndvalue.501_npoints.20_nbinomial.20_cangle.1.01.csv,-0.21,-0.43,-0.25,-0.26,-0.26,-0.67,-0.06,-0.16,0.17,0.04,-0.19,-0.16,
02_csv_header/d1_00070_logistic_degrade_1_flip_rndvalue.1001_npoints.500_nbinomial.20_cangle.0.51.csv,-0.04,-0.81,-0.05,-0.18,-0.0,-0.89,-0.99,-0.99,-0.95,-0.95,-0.98,-0.98,
02_csv_header/d0_00011_logistic_degrade_0_rndvalue.501_npoints.10_nbinomial.20.csv,0.98,1.0,0.99,1.0,0.95,1.0,1.0,1.0,1.0,1.0,1.0,1.0,
02_csv_header/d0_00008_logistic_degrade_0_flip_rndvalue.1_npoints.500_nbinomial.20.csv,0.13,1.0,0.12,1.0,0.13,1.0,1.0,1.0,1.0,1.0,1.0,1.0,
02_csv_header/d2_00021_logistic_degrade_2_rndvalue.1_npoints.500_nbinomial.20_cangle.0.51.csv,0.02,-0.13,0.03,0.48,0.01,-0.61,-0.15,-0.14,-0.08,-0.07,-0.09,-0.06,
02_csv_header/d1_00061_logistic_degrade_1_rndvalue.1001_npoints.20_nbinomial.20_cangle.0.01.csv,0.98,1.0,0.95,1.0,0.98,1.0,1.0,1.0,1.0,1.0,1.0,1.0,
02_csv_header/d2_00006_logistic_degrade_2_flip_rndvalue.1_npoints.5_nbinomial.20_cangle.1.01.csv,0.0,-0.01,0.44,0.4,-0.43,-0.44,-0.13,0.05,0.09,0.08,-0.21,-0.06,
02_csv_header/d2_00026_logistic_degrade_2_flip_rndvalue.501_npoints.5_nbinomial.20_cangle.0.01.csv,-0.03,-0.01,0.38,0.4,-0.45,-0.44,0.02,0.05,0.04,0.08,-0.07,-0.06,
02_csv_header/d0_00010_logistic_degrade_0_flip_rndvalue.501_npoints.5_nbinomial.20.csv,1.0,1.0,1.0,1.0,1.0,1.0,1.0,1.0,1.0,1.0,1.0,1.0,
02_csv_header/d1_00010_logistic_degrade_1_flip_rndvalue.1_npoints.10_nbinomial.20_cangle.0.51.csv,-0.74,-0.81,-0.13,-0.23,-0.79,-0.87,-0.98,-0.98,-0.9,-0.91,-0.94,-0.95,
02_csv_header/d1_00013_logistic_degrade_1_rndvalue.1_npoints.20_nbinomial.20_cangle.0.01.csv,0.96,1.0,0.93,1.0,0.97,1.0,1.0,1.0,1.0,1.0,1.0,1.0,
02_csv_header/d2_00053_logistic_degrade_2_rndvalue.1001_npoints.5_nbinomial.20_cangle.1.01.csv,0.0,0.01,0.46,0.44,-0.42,-0.4,-0.21,-0.05,0.03,0.06,-0.27,-0.08,
02_csv_header/d1_00046_logistic_degrade_1_flip_rndvalue.501_npoints.500_nbinomial.20_cangle.0.51.csv,-0.06,-0.81,-0.13,-0.18,-0.03,-0.89,-0.99,-0.99,-0.95,-0.95,-0.97,-0.98,
02_csv_header/d1_00019_logistic_degrade_1_rndvalue.1_npoints.500_nbinomial.20_cangle.0.01.csv,0.04,1.0,0.05,1.0,0.06,1.0,1.0,1.0,1.0,1.0,0.99,1.0,
02_csv_header/d2_00054_logistic_degrade_2_flip_rndvalue.1001_npoints.5_nbinomial.20_cangle.1.01.csv,0.0,-0.01,0.42,0.4,-0.46,-0.44,0.21,0.05,0.27,0.08,-0.03,-0.06,
02_csv_header/d2_00018_logistic_degrade_2_flip_rndvalue.1_npoints.20_nbinomial.20_cangle.1.01.csv,-0.02,0.15,0.37,0.6,-0.44,-0.44,0.16,0.11,0.09,0.07,0.08,0.04,
02_csv_header/d2_00061_logistic_degrade_2_rndvalue.1001_npoints.20_nbinomial.20_cangle.0.01.csv,-0.33,-0.15,0.28,0.44,-0.66,-0.6,-0.24,-0.11,-0.13,-0.04,-0.16,-0.07,
02_csv_header/d2_00066_logistic_degrade_2_flip_rndvalue.1001_npoints.20_nbinomial.20_cangle.1.01.csv,0.33,0.15,0.66,0.6,-0.28,-0.44,0.24,0.11,0.16,0.07,0.13,0.04,
02_csv_header/d2_00028_logistic_degrade_2_flip_rndvalue.501_npoints.5_nbinomial.20_cangle.0.51.csv,-0.03,-0.01,0.38,0.4,-0.45,-0.44,0.02,0.05,0.04,0.08,-0.07,-0.06,
02_csv_header/d1_00033_logistic_degrade_1_rndvalue.501_npoints.10_nbinomial.20_cangle.0.51.csv,0.62,0.81,0.69,0.87,-0.09,0.23,0.96,0.98,0.88,0.95,0.81,0.91,
02_csv_header/d0_00023_logistic_degrade_0_rndvalue.1001_npoints.500_nbinomial.20.csv,0.1,1.0,0.13,1.0,0.07,1.0,1.0,1.0,1.0,1.0,1.0,1.0,
02_csv_header/d1_00006_logistic_degrade_1_flip_rndvalue.1_npoints.5_nbinomial.20_cangle.1.01.csv,-0.66,-0.66,-0.44,-0.44,-0.63,-0.63,-0.65,-0.68,-0.31,-0.37,-0.58,-0.56,
02_csv_header/d0_00017_logistic_degrade_0_rndvalue.1001_npoints.5_nbinomial.20.csv,1.0,1.0,1.0,1.0,1.0,1.0,1.0,1.0,1.0,1.0,1.0,1.0,
02_csv_header/d2_00069_logistic_degrade_2_rndvalue.1001_npoints.500_nbinomial.20_cangle.0.51.csv,-0.0,-0.13,0.06,0.48,-0.07,-0.61,-0.1,-0.14,-0.04,-0.07,-0.07,-0.06,
02_csv_header/d1_00008_logistic_degrade_1_flip_rndvalue.1_npoints.10_nbinomial.20_cangle.0.01.csv,-0.99,-1.0,-0.99,-1.0,-0.96,-1.0,-1.0,-1.0,-1.0,-1.0,-1.0,-1.0,
02_csv_header/d2_00060_logistic_degrade_2_flip_rndvalue.1001_npoints.10_nbinomial.20_cangle.1.01.csv,0.11,0.1,0.53,0.53,-0.46,-0.44,0.18,0.11,0.15,0.08,0.06,0.03,
02_csv_header/d0_00019_logistic_degrade_0_rndvalue.1001_npoints.10_nbinomial.20.csv,1.0,1.0,1.0,1.0,1.0,1.0,1.0,1.0,1.0,1.0,1.0,1.0,
02_csv_header/d2_00036_logistic_degrade_2_flip_rndvalue.501_npoints.10_nbinomial.20_cangle.1.01.csv,0.0,0.1,0.34,0.53,-0.43,-0.44,0.19,0.11,0.18,0.08,0.05,0.03,
02_csv_header/d1_00016_logistic_degrade_1_flip_rndvalue.1_npoints.20_nbinomial.20_cangle.0.51.csv,-0.42,-0.82,0.08,-0.23,-0.56,-0.89,-0.98,-0.99,-0.91,-0.94,-0.94,-0.97,
02_csv_header/d1_00069_logistic_degrade_1_rndvalue.1001_npoints.500_nbinomial.20_cangle.0.51.csv,0.04,0.81,0.0,0.89,0.05,0.18,0.99,0.99,0.98,0.98,0.95,0.95,
02_csv_header/d2_00064_logistic_degrade_2_flip_rndvalue.1001_npoints.20_nbinomial.20_cangle.0.51.csv,0.33,0.15,0.66,0.6,-0.28,-0.44,0.24,0.11,0.16,0.07,0.13,0.04,
02_csv_header/d2_00023_logistic_degrade_2_rndvalue.1_npoints.500_nbinomial.20_cangle.1.01.csv,0.02,-0.13,0.03,0.48,0.01,-0.61,-0.15,-0.14,-0.08,-0.07,-0.09,-0.06,
02_csv_header/d2_00034_logistic_degrade_2_flip_rndvalue.501_npoints.10_nbinomial.20_cangle.0.51.csv,0.0,0.1,0.34,0.53,-0.43,-0.44,0.19,0.11,0.18,0.08,0.05,0.03,
02_csv_header/d2_00047_logistic_degrade_2_rndvalue.501_npoints.500_nbinomial.20_cangle.1.01.csv,0.0,-0.13,0.04,0.48,-0.04,-0.61,-0.13,-0.14,-0.06,-0.07,-0.08,-0.06,
02_csv_header/d0_00015_logistic_degrade_0_rndvalue.501_npoints.500_nbinomial.20.csv,0.07,1.0,0.07,1.0,0.08,1.0,1.0,1.0,1.0,1.0,1.0,1.0,
02_csv_header/d1_00027_logistic_degrade_1_rndvalue.501_npoints.5_nbinomial.20_cangle.0.51.csv,0.64,0.79,0.72,0.84,-0.05,0.24,0.91,0.98,0.81,0.96,0.68,0.86,
02_csv_header/d2_00072_logistic_degrade_2_flip_rndvalue.1001_npoints.500_nbinomial.20_cangle.1.01.csv,0.0,0.13,0.07,0.61,-0.06,-0.48,0.1,0.14,0.07,0.06,0.04,0.07,
02_csv_header/d2_00024_logistic_degrade_2_flip_rndvalue.1_npoints.500_nbinomial.20_cangle.1.01.csv,-0.02,0.13,-0.01,0.61,-0.03,-0.48,0.15,0.14,0.09,0.06,0.08,0.07,
02_csv_header/d2_00035_logistic_degrade_2_rndvalue.501_npoints.10_nbinomial.20_cangle.1.01.csv,0.0,-0.1,0.43,0.44,-0.34,-0.53,-0.19,-0.11,-0.05,-0.03,-0.18,-0.08,
02_csv_header/d2_00022_logistic_degrade_2_flip_rndvalue.1_npoints.500_nbinomial.20_cangle.0.51.csv,-0.02,0.13,-0.01,0.61,-0.03,-0.48,0.15,0.14,0.09,0.06,0.08,0.07,
02_csv_header/d1_00071_logistic_degrade_1_rndvalue.1001_npoints.500_nbinomial.20_cangle.1.01.csv,0.06,0.44,0.06,0.69,0.07,0.3,-0.04,0.04,0.14,0.07,-0.25,-0.11,
02_csv_header/d1_00049_logistic_degrade_1_rndvalue.1001_npoints.5_nbinomial.20_cangle.0.01.csv,1.0,1.0,1.0,1.0,1.0,1.0,1.0,1.0,1.0,1.0,1.0,1.0,
02_csv_header/d0_00024_logistic_degrade_0_flip_rndvalue.1001_npoints.500_nbinomial.20.csv,0.1,1.0,0.13,1.0,0.07,1.0,1.0,1.0,1.0,1.0,1.0,1.0,
02_csv_header/d0_00012_logistic_degrade_0_flip_rndvalue.501_npoints.10_nbinomial.20.csv,0.98,1.0,0.99,1.0,0.95,1.0,1.0,1.0,1.0,1.0,1.0,1.0,
02_csv_header/d2_00025_logistic_degrade_2_rndvalue.501_npoints.5_nbinomial.20_cangle.0.01.csv,0.03,0.01,0.45,0.44,-0.38,-0.4,-0.02,-0.05,0.07,0.06,-0.04,-0.08,
02_csv_header/d2_00012_logistic_degrade_2_flip_rndvalue.1_npoints.10_nbinomial.20_cangle.1.01.csv,0.09,0.1,0.5,0.53,-0.47,-0.44,0.1,0.11,0.08,0.08,0.0,0.03,
02_csv_header/d1_00052_logistic_degrade_1_flip_rndvalue.1001_npoints.5_nbinomial.20_cangle.0.51.csv,-0.6,-0.79,-0.07,-0.24,-0.65,-0.84,-0.97,-0.98,-0.78,-0.86,-0.94,-0.96,
02_csv_header/d2_00030_logistic_degrade_2_flip_rndvalue.501_npoints.5_nbinomial.20_cangle.1.01.csv,-0.03,-0.01,0.38,0.4,-0.45,-0.44,0.02,0.05,0.04,0.08,-0.07,-0.06,
02_csv_header/d2_00004_logistic_degrade_2_flip_rndvalue.1_npoints.5_nbinomial.20_cangle.0.51.csv,0.0,-0.01,0.44,0.4,-0.43,-0.44,-0.13,0.05,0.09,0.08,-0.21,-0.06,
02_csv_header/d1_00011_logistic_degrade_1_rndvalue.1_npoints.10_nbinomial.20_cangle.1.01.csv,0.37,0.49,0.52,0.66,0.23,0.3,0.2,0.28,0.28,0.27,-0.09,0.04,
02_csv_header/d2_00019_logistic_degrade_2_rndvalue.1_npoints.500_nbinomial.20_cangle.0.01.csv,0.02,-0.13,0.03,0.48,0.01,-0.61,-0.15,-0.14,-0.08,-0.07,-0.09,-0.06,
02_csv_header/d2_00041_logistic_degrade_2_rndvalue.501_npoints.20_nbinomial.20_cangle.1.01.csv,0.0,-0.15,0.34,0.44,-0.35,-0.6,-0.09,-0.11,-0.01,-0.04,-0.06,-0.07,
02_csv_header/d2_00062_logistic_degrade_2_flip_rndvalue.1001_npoints.20_nbinomial.20_cangle.0.01.csv,0.33,0.15,0.66,0.6,-0.28,-0.44,0.24,0.11,0.16,0.07,0.13,0.04,
02_csv_header/d2_00010_logistic_degrade_2_flip_rndvalue.1_npoints.10_nbinomial.20_cangle.0.51.csv,0.09,0.1,0.5,0.53,-0.47,-0.44,0.1,0.11,0.08,0.08,0.0,0.03,
02_csv_header/d2_00056_logistic_degrade_2_flip_rndvalue.1001_npoints.10_nbinomial.20_cangle.0.01.csv,0.11,0.1,0.53,0.53,-0.46,-0.44,0.18,0.11,0.15,0.08,0.06,0.03,
02_csv_header/d1_00007_logistic_degrade_1_rndvalue.1_npoints.10_nbinomial.20_cangle.0.01.csv,0.99,1.0,0.96,1.0,0.99,1.0,1.0,1.0,1.0,1.0,1.0,1.0,
02_csv_header/d0_00018_logistic_degrade_0_flip_rndvalue.1001_npoints.5_nbinomial.20.csv,1.0,1.0,1.0,1.0,1.0,1.0,1.0,1.0,1.0,1.0,1.0,1.0,
02_csv_header/d1_00038_logistic_degrade_1_flip_rndvalue.501_npoints.20_nbinomial.20_cangle.0.01.csv,-1.0,-1.0,-1.0,-1.0,-1.0,-1.0,-1.0,-1.0,-1.0,-1.0,-1.0,-1.0,
02_csv_header/d1_00065_logistic_degrade_1_rndvalue.1001_npoints.20_nbinomial.20_cangle.1.01.csv,0.34,0.43,0.43,0.67,0.42,0.26,0.03,0.16,0.17,0.16,-0.21,-0.04,
02_csv_header/d1_00022_logistic_degrade_1_flip_rndvalue.1_npoints.500_nbinomial.20_cangle.0.51.csv,-0.02,-0.81,0.02,-0.18,-0.05,-0.89,-0.99,-0.99,-0.95,-0.95,-0.97,-0.98,
02_csv_header/d1_00057_logistic_degrade_1_rndvalue.1001_npoints.10_nbinomial.20_cangle.0.51.csv,0.69,0.81,0.73,0.87,0.12,0.23,0.98,0.98,0.95,0.95,0.88,0.91,
02_csv_header/d1_00063_logistic_degrade_1_rndvalue.1001_npoints.20_nbinomial.20_cangle.0.51.csv,0.75,0.82,0.78,0.89,0.1,0.23,0.99,0.99,0.95,0.97,0.93,0.94,
